head;mouth-1;mouth-2;mouth-3;mouth-4
head-aardvark.png;head-default-mouth-1.png;head-default-mouth-2.png;head-default-mouth-3.png;head-default-mouth-4.png
head-abstract.png;head-default-mouth-1.png;head-default-mouth-2.png;head-default-mouth-3.png;head-default-mouth-4.png
head-bag.png;head-default-mouth-1.png;head-default-mouth-2.png;head-default-mouth-3.png;head-default-mouth-4.png
head-bagpipe.png;head-default-mouth-1.png;head-default-mouth-2.png;head-default-mouth-3.png;head-default-mouth-4.png
head-banana.png;head-default-mouth-1.png;head-default-mouth-2.png;head-default-mouth-3.png;head-default-mouth-4.png
head-bank.png;head-default-mouth-1.png;head-default-mouth-2.png;head-default-mouth-3.png;head-default-mouth-4.png
head-beer.png;head-default-mouth-1.png;head-default-mouth-2.png;head-default-mouth-3.png;head-default-mouth-4.png
head-beet.png;head-default-mouth-1.png;head-default-mouth-2.png;head-default-mouth-3.png;head-default-mouth-4.png
head-bell.png;head-default-mouth-1.png;head-default-mouth-2.png;head-default-mouth-3.png;head-default-mouth-4.png
head-bigfoot-yeti.png;head-default-mouth-1.png;head-default-mouth-2.png;head-default-mouth-3.png;head-default-mouth-4.png
head-bigfoot.png;head-default-mouth-1.png;head-default-mouth-2.png;head-default-mouth-3.png;head-default-mouth-4.png
head-blackhole.png;head-default-mouth-1.png;head-default-mouth-2.png;head-default-mouth-3.png;head-default-mouth-4.png
head-bomb.png;head-default-mouth-1.png;head-default-mouth-2.png;head-default-mouth-3.png;head-default-mouth-4.png
head-bonsai.png;head-default-mouth-1.png;head-default-mouth-2.png;head-default-mouth-3.png;head-default-mouth-4.png
head-boombox.png;head-default-mouth-1.png;head-default-mouth-2.png;head-default-mouth-3.png;head-default-mouth-4.png
head-boot.png;head-default-mouth-1.png;head-default-mouth-2.png;head-default-mouth-3.png;head-default-mouth-4.png
head-box.png;head-default-mouth-1.png;head-default-mouth-2.png;head-default-mouth-3.png;head-default-mouth-4.png
head-boxingglove.png;head-default-mouth-1.png;head-default-mouth-2.png;head-default-mouth-3.png;head-default-mouth-4.png
head-brain.png;head-default-mouth-1.png;head-default-mouth-2.png;head-default-mouth-3.png;head-default-mouth-4.png
head-bubble-speech.png;head-default-mouth-1.png;head-default-mouth-2.png;head-default-mouth-3.png;head-default-mouth-4.png
head-bubblegum.png;head-default-mouth-1.png;head-default-mouth-2.png;head-default-mouth-3.png;head-default-mouth-4.png
head-burger-dollarmenu.png;head-default-mouth-1.png;head-default-mouth-2.png;head-default-mouth-3.png;head-default-mouth-4.png
head-cake.png;head-default-mouth-1.png;head-default-mouth-2.png;head-default-mouth-3.png;head-default-mouth-4.png
head-calculator.png;head-default-mouth-1.png;head-default-mouth-2.png;head-default-mouth-3.png;head-default-mouth-4.png
head-calendar.png;head-default-mouth-1.png;head-default-mouth-2.png;head-default-mouth-3.png;head-default-mouth-4.png
head-camcorder.png;head-default-mouth-1.png;head-default-mouth-2.png;head-default-mouth-3.png;head-default-mouth-4.png
head-car.png;head-default-mouth-1.png;head-default-mouth-2.png;head-default-mouth-3.png;head-default-mouth-4.png
head-cassettetape.png;head-default-mouth-1.png;head-default-mouth-2.png;head-default-mouth-3.png;head-default-mouth-4.png
head-cat.png;head-default-mouth-1.png;head-default-mouth-2.png;head-default-mouth-3.png;head-default-mouth-4.png
head-cd.png;head-default-mouth-1.png;head-default-mouth-2.png;head-default-mouth-3.png;head-default-mouth-4.png
head-chain.png;head-default-mouth-1.png;head-default-mouth-2.png;head-default-mouth-3.png;head-default-mouth-4.png
head-chart-bars.png;head-default-mouth-1.png;head-default-mouth-2.png;head-default-mouth-3.png;head-default-mouth-4.png
head-cheese.png;head-default-mouth-1.png;head-default-mouth-2.png;head-default-mouth-3.png;head-default-mouth-4.png
head-chefhat.png;head-default-mouth-1.png;head-default-mouth-2.png;head-default-mouth-3.png;head-default-mouth-4.png
head-cherry.png;head-default-mouth-1.png;head-default-mouth-2.png;head-default-mouth-3.png;head-default-mouth-4.png
head-chilli.png;head-default-mouth-1.png;head-default-mouth-2.png;head-default-mouth-3.png;head-default-mouth-4.png
head-chips.png;head-default-mouth-1.png;head-default-mouth-2.png;head-default-mouth-3.png;head-default-mouth-4.png
head-chocolate.png;head-default-mouth-1.png;head-default-mouth-2.png;head-default-mouth-3.png;head-default-mouth-4.png
head-cloud.png;head-default-mouth-1.png;head-default-mouth-2.png;head-default-mouth-3.png;head-default-mouth-4.png
head-clover.png;head-default-mouth-1.png;head-default-mouth-2.png;head-default-mouth-3.png;head-default-mouth-4.png
head-coffeebean.png;head-default-mouth-1.png;head-default-mouth-2.png;head-default-mouth-3.png;head-default-mouth-4.png
head-cone.png;head-default-mouth-1.png;head-default-mouth-2.png;head-default-mouth-3.png;head-default-mouth-4.png
head-console-handheld.png;head-default-mouth-1.png;head-default-mouth-2.png;head-default-mouth-3.png;head-default-mouth-4.png
head-cookie.png;head-default-mouth-1.png;head-default-mouth-2.png;head-default-mouth-3.png;head-default-mouth-4.png
head-cordlessphone.png;head-default-mouth-1.png;head-default-mouth-2.png;head-default-mouth-3.png;head-default-mouth-4.png
head-cottonball.png;head-default-mouth-1.png;head-default-mouth-2.png;head-default-mouth-3.png;head-default-mouth-4.png
head-crab.png;head-default-mouth-1.png;head-default-mouth-2.png;head-default-mouth-3.png;head-default-mouth-4.png
head-crane.png;head-default-mouth-1.png;head-default-mouth-2.png;head-default-mouth-3.png;head-default-mouth-4.png
head-crown.png;head-default-mouth-1.png;head-default-mouth-2.png;head-default-mouth-3.png;head-default-mouth-4.png
head-crt-bsod.png;head-default-mouth-1.png;head-default-mouth-2.png;head-default-mouth-3.png;head-default-mouth-4.png
head-crystalball.png;head-default-mouth-1.png;head-default-mouth-2.png;head-default-mouth-3.png;head-default-mouth-4.png
head-diamond-blue.png;head-default-mouth-1.png;head-default-mouth-2.png;head-default-mouth-3.png;head-default-mouth-4.png
head-diamond-red.png;head-default-mouth-1.png;head-default-mouth-2.png;head-default-mouth-3.png;head-default-mouth-4.png
head-dictionary.png;head-default-mouth-1.png;head-default-mouth-2.png;head-default-mouth-3.png;head-default-mouth-4.png
head-dna.png;head-default-mouth-1.png;head-default-mouth-2.png;head-default-mouth-3.png;head-default-mouth-4.png
head-doughnut.png;head-default-mouth-1.png;head-default-mouth-2.png;head-default-mouth-3.png;head-default-mouth-4.png
head-ducky.png;head-default-mouth-1.png;head-default-mouth-2.png;head-default-mouth-3.png;head-default-mouth-4.png
head-earth.png;head-default-mouth-1.png;head-default-mouth-2.png;head-default-mouth-3.png;head-default-mouth-4.png
head-egg.png;head-default-mouth-1.png;head-default-mouth-2.png;head-default-mouth-3.png;head-default-mouth-4.png
head-faberge.png;head-default-mouth-1.png;head-default-mouth-2.png;head-default-mouth-3.png;head-default-mouth-4.png
head-fan.png;head-default-mouth-1.png;head-default-mouth-2.png;head-default-mouth-3.png;head-default-mouth-4.png
head-fence.png;head-default-mouth-1.png;head-default-mouth-2.png;head-default-mouth-3.png;head-default-mouth-4.png
head-film-35mm.png;head-default-mouth-1.png;head-default-mouth-2.png;head-default-mouth-3.png;head-default-mouth-4.png
head-film-strip.png;head-default-mouth-1.png;head-default-mouth-2.png;head-default-mouth-3.png;head-default-mouth-4.png
head-fir.png;head-default-mouth-1.png;head-default-mouth-2.png;head-default-mouth-3.png;head-default-mouth-4.png
head-firehydrant.png;head-default-mouth-1.png;head-default-mouth-2.png;head-default-mouth-3.png;head-default-mouth-4.png
head-flamingo.png;head-default-mouth-1.png;head-default-mouth-2.png;head-default-mouth-3.png;head-default-mouth-4.png
head-flower.png;head-default-mouth-1.png;head-default-mouth-2.png;head-default-mouth-3.png;head-default-mouth-4.png
head-fox.png;head-default-mouth-1.png;head-default-mouth-2.png;head-default-mouth-3.png;head-default-mouth-4.png
head-garlic.png;head-default-mouth-1.png;head-default-mouth-2.png;head-default-mouth-3.png;head-default-mouth-4.png
head-gavel.png;head-default-mouth-1.png;head-default-mouth-2.png;head-default-mouth-3.png;head-default-mouth-4.png
head-ghost-B.png;head-default-mouth-1.png;head-default-mouth-2.png;head-default-mouth-3.png;head-default-mouth-4.png
head-glasses-big.png;head-default-mouth-1.png;head-default-mouth-2.png;head-default-mouth-3.png;head-default-mouth-4.png
head-goldcoin.png;head-default-mouth-1.png;head-default-mouth-2.png;head-default-mouth-3.png;head-default-mouth-4.png
head-grouper.png;head-default-mouth-1.png;head-default-mouth-2.png;head-default-mouth-3.png;head-default-mouth-4.png
head-hair.png;head-default-mouth-1.png;head-default-mouth-2.png;head-default-mouth-3.png;head-default-mouth-4.png
head-heart.png;head-default-mouth-1.png;head-default-mouth-2.png;head-default-mouth-3.png;head-default-mouth-4.png
head-helicopter.png;head-default-mouth-1.png;head-default-mouth-2.png;head-default-mouth-3.png;head-default-mouth-4.png
head-highheel.png;head-default-mouth-1.png;head-default-mouth-2.png;head-default-mouth-3.png;head-default-mouth-4.png
head-hockeypuck.png;head-default-mouth-1.png;head-default-mouth-2.png;head-default-mouth-3.png;head-default-mouth-4.png
head-hotdog.png;head-default-mouth-1.png;head-default-mouth-2.png;head-default-mouth-3.png;head-default-mouth-4.png
head-house.png;head-default-mouth-1.png;head-default-mouth-2.png;head-default-mouth-3.png;head-default-mouth-4.png
head-icepop-b.png;head-default-mouth-1.png;head-default-mouth-2.png;head-default-mouth-3.png;head-default-mouth-4.png
head-igloo.png;head-default-mouth-1.png;head-default-mouth-2.png;head-default-mouth-3.png;head-default-mouth-4.png
head-island.png;head-default-mouth-1.png;head-default-mouth-2.png;head-default-mouth-3.png;head-default-mouth-4.png
head-jellyfish.png;head-default-mouth-1.png;head-default-mouth-2.png;head-default-mouth-3.png;head-default-mouth-4.png
head-kangaroo.png;head-default-mouth-1.png;head-default-mouth-2.png;head-default-mouth-3.png;head-default-mouth-4.png
head-ketchup.png;head-default-mouth-1.png;head-default-mouth-2.png;head-default-mouth-3.png;head-default-mouth-4.png
head-lightning-bolt.png;head-default-mouth-1.png;head-default-mouth-2.png;head-default-mouth-3.png;head-default-mouth-4.png
head-lint.png;head-default-mouth-1.png;head-default-mouth-2.png;head-default-mouth-3.png;head-default-mouth-4.png
head-lips.png;head-default-mouth-1.png;head-default-mouth-2.png;head-default-mouth-3.png;head-default-mouth-4.png
head-lipstick2.png;head-default-mouth-1.png;head-default-mouth-2.png;head-default-mouth-3.png;head-default-mouth-4.png
head-lock.png;head-default-mouth-1.png;head-default-mouth-2.png;head-default-mouth-3.png;head-default-mouth-4.png
head-macaroni.png;head-default-mouth-1.png;head-default-mouth-2.png;head-default-mouth-3.png;head-default-mouth-4.png
head-mailbox.png;head-default-mouth-1.png;head-default-mouth-2.png;head-default-mouth-3.png;head-default-mouth-4.png
head-maze.png;head-default-mouth-1.png;head-default-mouth-2.png;head-default-mouth-3.png;head-default-mouth-4.png
head-microwave.png;head-default-mouth-1.png;head-default-mouth-2.png;head-default-mouth-3.png;head-default-mouth-4.png
head-milk.png;head-default-mouth-1.png;head-default-mouth-2.png;head-default-mouth-3.png;head-default-mouth-4.png
head-mirror.png;head-default-mouth-1.png;head-default-mouth-2.png;head-default-mouth-3.png;head-default-mouth-4.png
head-mixer.png;head-default-mouth-1.png;head-default-mouth-2.png;head-default-mouth-3.png;head-default-mouth-4.png
head-moon.png;head-default-mouth-1.png;head-default-mouth-2.png;head-default-mouth-3.png;head-default-mouth-4.png
head-mosquito.png;head-default-mouth-1.png;head-default-mouth-2.png;head-default-mouth-3.png;head-default-mouth-4.png
head-mountain-snowcap.png;head-default-mouth-1.png;head-default-mouth-2.png;head-default-mouth-3.png;head-default-mouth-4.png
head-mouse.png;head-default-mouth-1.png;head-default-mouth-2.png;head-default-mouth-3.png;head-default-mouth-4.png
head-mug.png;head-default-mouth-1.png;head-default-mouth-2.png;head-default-mouth-3.png;head-default-mouth-4.png
head-mustard.png;head-default-mouth-1.png;head-default-mouth-2.png;head-default-mouth-3.png;head-default-mouth-4.png
head-nigiri.png;head-default-mouth-1.png;head-default-mouth-2.png;head-default-mouth-3.png;head-default-mouth-4.png
head-noodles.png;head-default-mouth-1.png;head-default-mouth-2.png;head-default-mouth-3.png;head-default-mouth-4.png
head-onion.png;head-default-mouth-1.png;head-default-mouth-2.png;head-default-mouth-3.png;head-default-mouth-4.png
head-orca.png;head-default-mouth-1.png;head-default-mouth-2.png;head-default-mouth-3.png;head-default-mouth-4.png
head-otter.png;head-default-mouth-1.png;head-default-mouth-2.png;head-default-mouth-3.png;head-default-mouth-4.png
head-outlet.png;head-default-mouth-1.png;head-default-mouth-2.png;head-default-mouth-3.png;head-default-mouth-4.png
head-owl.png;head-default-mouth-1.png;head-default-mouth-2.png;head-default-mouth-3.png;head-default-mouth-4.png
head-oyster.png;head-default-mouth-1.png;head-default-mouth-2.png;head-default-mouth-3.png;head-default-mouth-4.png
head-paintbrush.png;head-default-mouth-1.png;head-default-mouth-2.png;head-default-mouth-3.png;head-default-mouth-4.png
head-panda.png;head-default-mouth-1.png;head-default-mouth-2.png;head-default-mouth-3.png;head-default-mouth-4.png
head-paperclip.png;head-default-mouth-1.png;head-default-mouth-2.png;head-default-mouth-3.png;head-default-mouth-4.png
head-peanut.png;head-default-mouth-1.png;head-default-mouth-2.png;head-default-mouth-3.png;head-default-mouth-4.png
head-pencil-tip.png;head-default-mouth-1.png;head-default-mouth-2.png;head-default-mouth-3.png;head-default-mouth-4.png
head-pickle.png;head-default-mouth-1.png;head-default-mouth-2.png;head-default-mouth-3.png;head-default-mouth-4.png
head-pie.png;head-default-mouth-1.png;head-default-mouth-2.png;head-default-mouth-3.png;head-default-mouth-4.png
head-piggybank.png;head-default-mouth-1.png;head-default-mouth-2.png;head-default-mouth-3.png;head-default-mouth-4.png
head-pill.png;head-default-mouth-1.png;head-default-mouth-2.png;head-default-mouth-3.png;head-default-mouth-4.png
head-pillow.png;head-default-mouth-1.png;head-default-mouth-2.png;head-default-mouth-3.png;head-default-mouth-4.png
head-pizza.png;head-default-mouth-1.png;head-default-mouth-2.png;head-default-mouth-3.png;head-default-mouth-4.png
head-plane.png;head-default-mouth-1.png;head-default-mouth-2.png;head-default-mouth-3.png;head-default-mouth-4.png
head-pop.png;head-default-mouth-1.png;head-default-mouth-2.png;head-default-mouth-3.png;head-default-mouth-4.png
head-porkbao.png;head-default-mouth-1.png;head-default-mouth-2.png;head-default-mouth-3.png;head-default-mouth-4.png
head-potato.png;head-default-mouth-1.png;head-default-mouth-2.png;head-default-mouth-3.png;head-default-mouth-4.png
head-pyramid.png;head-default-mouth-1.png;head-default-mouth-2.png;head-default-mouth-3.png;head-default-mouth-4.png
head-queencrown.png;head-default-mouth-1.png;head-default-mouth-2.png;head-default-mouth-3.png;head-default-mouth-4.png
head-rainbow.png;head-default-mouth-1.png;head-default-mouth-2.png;head-default-mouth-3.png;head-default-mouth-4.png
head-rangefinder.png;head-default-mouth-1.png;head-default-mouth-2.png;head-default-mouth-3.png;head-default-mouth-4.png
head-rgb.png;head-default-mouth-1.png;head-default-mouth-2.png;head-default-mouth-3.png;head-default-mouth-4.png
head-ring.png;head-default-mouth-1.png;head-default-mouth-2.png;head-default-mouth-3.png;head-default-mouth-4.png
head-road.png;head-default-mouth-1.png;head-default-mouth-2.png;head-default-mouth-3.png;head-default-mouth-4.png
head-rock.png;head-default-mouth-1.png;head-default-mouth-2.png;head-default-mouth-3.png;head-default-mouth-4.png
head-rosebud.png;head-default-mouth-1.png;head-default-mouth-2.png;head-default-mouth-3.png;head-default-mouth-4.png
head-ruler-triangular.png;head-default-mouth-1.png;head-default-mouth-2.png;head-default-mouth-3.png;head-default-mouth-4.png
head-saguaro.png;head-default-mouth-1.png;head-default-mouth-2.png;head-default-mouth-3.png;head-default-mouth-4.png
head-sailboat.png;head-default-mouth-1.png;head-default-mouth-2.png;head-default-mouth-3.png;head-default-mouth-4.png
head-sandwich.png;head-default-mouth-1.png;head-default-mouth-2.png;head-default-mouth-3.png;head-default-mouth-4.png
head-saturn.png;head-default-mouth-1.png;head-default-mouth-2.png;head-default-mouth-3.png;head-default-mouth-4.png
head-saw.png;head-default-mouth-1.png;head-default-mouth-2.png;head-default-mouth-3.png;head-default-mouth-4.png
head-shower.png;head-default-mouth-1.png;head-default-mouth-2.png;head-default-mouth-3.png;head-default-mouth-4.png
head-skateboard.png;head-default-mouth-1.png;head-default-mouth-2.png;head-default-mouth-3.png;head-default-mouth-4.png
head-skilift.png;head-default-mouth-1.png;head-default-mouth-2.png;head-default-mouth-3.png;head-default-mouth-4.png
head-smile.png;head-default-mouth-1.png;head-default-mouth-2.png;head-default-mouth-3.png;head-default-mouth-4.png
head-snowglobe.png;head-default-mouth-1.png;head-default-mouth-2.png;head-default-mouth-3.png;head-default-mouth-4.png
head-snowmobile.png;head-default-mouth-1.png;head-default-mouth-2.png;head-default-mouth-3.png;head-default-mouth-4.png
head-spaghetti.png;head-default-mouth-1.png;head-default-mouth-2.png;head-default-mouth-3.png;head-default-mouth-4.png
head-sponge.png;head-default-mouth-1.png;head-default-mouth-2.png;head-default-mouth-3.png;head-default-mouth-4.png
head-star-sparkles.png;head-default-mouth-1.png;head-default-mouth-2.png;head-default-mouth-3.png;head-default-mouth-4.png
head-sunset.png;head-default-mouth-1.png;head-default-mouth-2.png;head-default-mouth-3.png;head-default-mouth-4.png
head-taco-classic.png;head-default-mouth-1.png;head-default-mouth-2.png;head-default-mouth-3.png;head-default-mouth-4.png
head-taxi.png;head-default-mouth-1.png;head-default-mouth-2.png;head-default-mouth-3.png;head-default-mouth-4.png
head-thumbsup.png;head-default-mouth-1.png;head-default-mouth-2.png;head-default-mouth-3.png;head-default-mouth-4.png
head-toaster.png;head-default-mouth-1.png;head-default-mouth-2.png;head-default-mouth-3.png;head-default-mouth-4.png
head-tooth.png;head-default-mouth-1.png;head-default-mouth-2.png;head-default-mouth-3.png;head-default-mouth-4.png
head-toothbrush-fresh.png;head-default-mouth-1.png;head-default-mouth-2.png;head-default-mouth-3.png;head-default-mouth-4.png
head-tornado.png;head-default-mouth-1.png;head-default-mouth-2.png;head-default-mouth-3.png;head-default-mouth-4.png
head-trashcan.png;head-default-mouth-1.png;head-default-mouth-2.png;head-default-mouth-3.png;head-default-mouth-4.png
head-undead.png;head-default-mouth-1.png;head-default-mouth-2.png;head-default-mouth-3.png;head-default-mouth-4.png
head-unicorn.png;head-default-mouth-1.png;head-default-mouth-2.png;head-default-mouth-3.png;head-default-mouth-4.png
head-vent.png;head-default-mouth-1.png;head-default-mouth-2.png;head-default-mouth-3.png;head-default-mouth-4.png
head-void.png;head-default-mouth-1.png;head-default-mouth-2.png;head-default-mouth-3.png;head-default-mouth-4.png
head-volcano.png;head-default-mouth-1.png;head-default-mouth-2.png;head-default-mouth-3.png;head-default-mouth-4.png
head-volleyball.png;head-default-mouth-1.png;head-default-mouth-2.png;head-default-mouth-3.png;head-default-mouth-4.png
head-wall.png;head-default-mouth-1.png;head-default-mouth-2.png;head-default-mouth-3.png;head-default-mouth-4.png
head-wallet.png;head-default-mouth-1.png;head-default-mouth-2.png;head-default-mouth-3.png;head-default-mouth-4.png
head-wallsafe.png;head-default-mouth-1.png;head-default-mouth-2.png;head-default-mouth-3.png;head-default-mouth-4.png
head-washingmachine.png;head-default-mouth-1.png;head-default-mouth-2.png;head-default-mouth-3.png;head-default-mouth-4.png
head-watch.png;head-default-mouth-1.png;head-default-mouth-2.png;head-default-mouth-3.png;head-default-mouth-4.png
head-watermelon.png;head-default-mouth-1.png;head-default-mouth-2.png;head-default-mouth-3.png;head-default-mouth-4.png
head-wave.png;head-default-mouth-1.png;head-default-mouth-2.png;head-default-mouth-3.png;head-default-mouth-4.png
head-weed.png;head-default-mouth-1.png;head-default-mouth-2.png;head-default-mouth-3.png;head-default-mouth-4.png
head-weight.png;head-default-mouth-1.png;head-default-mouth-2.png;head-default-mouth-3.png;head-default-mouth-4.png
head-whale-alive.png;head-default-mouth-1.png;head-default-mouth-2.png;head-default-mouth-3.png;head-default-mouth-4.png
head-whale.png;head-default-mouth-1.png;head-default-mouth-2.png;head-default-mouth-3.png;head-default-mouth-4.png
head-wine.png;head-default-mouth-1.png;head-default-mouth-2.png;head-default-mouth-3.png;head-default-mouth-4.png
head-wizardhat.png;head-default-mouth-1.png;head-default-mouth-2.png;head-default-mouth-3.png;head-default-mouth-4.png
head-zebra.png;head-default-mouth-1.png;head-default-mouth-2.png;head-default-mouth-3.png;head-default-mouth-4.png
head-cannedham.png;head-cannedham-mouth-1.png;head-cannedham-mouth-2.png;head-cannedham-mouth-3.png;head-cannedham-mouth-4.png
head-ape.png;head-ape-mouth-1.png;head-ape-mouth-2.png;head-ape-mouth-3.png;head-ape-mouth-4.png
head-baseball-gameball.png;head-baseball-gameball-mouth-1.png;head-baseball-gameball-mouth-2.png;head-baseball-gameball-mouth-3.png;head-baseball-gameball-mouth-4.png
head-basketball.png;head-basketball-mouth-1.png;head-basketball-mouth-2.png;head-basketball-mouth-3.png;head-basketball-mouth-4.png
head-bat.png;head-bat-mouth-1.png;head-bat-mouth-2.png;head-bat-mouth-3.png;head-bat-mouth-4.png
head-bear.png;head-bear-mouth-1.png;head-bear-mouth-2.png;head-bear-mouth-3.png;head-bear-mouth-4.png
head-blueberry.png;head-blueberry-mouth-1.png;head-blueberry-mouth-2.png;head-blueberry-mouth-3.png;head-blueberry-mouth-4.png
head-cash-register.png;head-cash-register-mouth-1.png;head-cash-register-mouth-2.png;head-cash-register-mouth-3.png;head-cash-register-mouth-4.png
head-chainsaw.png;head-chainsaw-mouth-1.png;head-chainsaw-mouth-2.png;head-chainsaw-mouth-3.png;head-chainsaw-mouth-4.png
head-chameleon.png;head-chameleon-mouth-1.png;head-chameleon-mouth-2.png;head-chameleon-mouth-3.png;head-chameleon-mouth-4.png
head-chicken.png;head-chicken-mouth-1.png;head-chicken-mouth-2.png;head-chicken-mouth-3.png;head-chicken-mouth-4.png
head-chipboard.png;head-chipboard-mouth-1.png;head-chipboard-mouth-2.png;head-chipboard-mouth-3.png;head-chipboard-mouth-4.png
head-clutch.png;head-clutch-mouth-1.png;head-clutch-mouth-2.png;head-clutch-mouth-3.png;head-clutch-mouth-4.png
head-cow.png;head-cow-mouth-1.png;head-cow-mouth-2.png;head-cow-mouth-3.png;head-cow-mouth-4.png
head-croc-hat.png;head-croc-hat-mouth-1.png;head-croc-hat-mouth-2.png;head-croc-hat-mouth-3.png;head-croc-hat-mouth-4.png
head-dino.png;head-dino-mouth-1.png;head-dino-mouth-2.png;head-dino-mouth-3.png;head-dino-mouth-4.png
head-dog.png;head-dog-mouth-1.png;head-dog-mouth-2.png;head-dog-mouth-3.png;head-dog-mouth-4.png
head-drill.png;head-drill-mouth-1.png;head-drill-mouth-2.png;head-drill-mouth-3.png;head-drill-mouth-4.png
head-duck.png;head-duck-mouth-1.png;head-duck-mouth-2.png;head-duck-mouth-3.png;head-duck-mouth-4.png
head-factory-dark.png;head-factory-dark-mouth-1.png;head-factory-dark-mouth-2.png;head-factory-dark-mouth-3.png;head-factory-dark-mouth-4.png
head-frog.png;head-frog-mouth-1.png;head-frog-mouth-2.png;head-frog-mouth-3.png;head-frog-mouth-4.png
head-gnome.png;head-gnome-mouth-1.png;head-gnome-mouth-2.png;head-gnome-mouth-3.png;head-gnome-mouth-4.png
head-goat.png;head-goat-mouth-1.png;head-goat-mouth-2.png;head-goat-mouth-3.png;head-goat-mouth-4.png
head-goldfish.png;head-goldfish-mouth-1.png;head-goldfish-mouth-2.png;head-goldfish-mouth-3.png;head-goldfish-mouth-4.png
head-hardhat.png;head-hardhat-mouth-1.png;head-hardhat-mouth-2.png;head-hardhat-mouth-3.png;head-hardhat-mouth-4.png
head-horse-deepfried.png;head-horse-deepfried-mouth-1.png;head-horse-deepfried-mouth-2.png;head-horse-deepfried-mouth-3.png;head-horse-deepfried-mouth-4.png
head-jupiter.png;head-jupiter-mouth-1.png;head-jupiter-mouth-2.png;head-jupiter-mouth-3.png;head-jupiter-mouth-4.png
head-laptop.png;head-laptop-mouth-1.png;head-laptop-mouth-2.png;head-laptop-mouth-3.png;head-laptop-mouth-4.png
head-moose.png;head-moose-mouth-1.png;head-moose-mouth-2.png;head-moose-mouth-3.png;head-moose-mouth-4.png
head-mushroom.png;head-mushroom-mouth-1.png;head-mushroom-mouth-2.png;head-mushroom-mouth-3.png;head-mushroom-mouth-4.png
head-orangutan.png;head-orangutan-mouth-1.png;head-orangutan-mouth-2.png;head-orangutan-mouth-3.png;head-orangutan-mouth-4.png
head-peyote.png;head-peyote-mouth-1.png;head-peyote-mouth-2.png;head-peyote-mouth-3.png;head-peyote-mouth-4.png
head-piano.png;head-piano-mouth-1.png;head-piano-mouth-2.png;head-piano-mouth-3.png;head-piano-mouth-4.png
head-pineapple.png;head-pineapple-mouth-1.png;head-pineapple-mouth-2.png;head-pineapple-mouth-3.png;head-pineapple-mouth-4.png
head-pipe.png;head-pipe-mouth-1.png;head-pipe-mouth-2.png;head-pipe-mouth-3.png;head-pipe-mouth-4.png
head-pirateship.png;head-pirateship-mouth-1.png;head-pirateship-mouth-2.png;head-pirateship-mouth-3.png;head-pirateship-mouth-4.png
head-pufferfish.png;head-pufferfish-mouth-1.png;head-pufferfish-mouth-2.png;head-pufferfish-mouth-3.png;head-pufferfish-mouth-4.png
head-pumpkin.png;head-pumpkin-mouth-1.png;head-pumpkin-mouth-2.png;head-pumpkin-mouth-3.png;head-pumpkin-mouth-4.png
head-rabbit.png;head-rabbit-mouth-1.png;head-rabbit-mouth-2.png;head-rabbit-mouth-3.png;head-rabbit-mouth-4.png
head-raven.png;head-raven-mouth-1.png;head-raven-mouth-2.png;head-raven-mouth-3.png;head-raven-mouth-4.png
head-retainer.png;head-retainer-mouth-1.png;head-retainer-mouth-2.png;head-retainer-mouth-3.png;head-retainer-mouth-4.png
head-robot.png;head-robot-mouth-1.png;head-robot-mouth-2.png;head-robot-mouth-3.png;head-robot-mouth-4.png
head-scorpion.png;head-scorpion-mouth-1.png;head-scorpion-mouth-2.png;head-scorpion-mouth-3.png;head-scorpion-mouth-4.png
head-shark.png;head-shark-mouth-1.png;head-shark-mouth-2.png;head-shark-mouth-3.png;head-shark-mouth-4.png
head-skeleton-hat.png;head-skeleton-hat-mouth-1.png;head-skeleton-hat-mouth-2.png;head-skeleton-hat-mouth-3.png;head-skeleton-hat-mouth-4.png
head-squid.png;head-squid-mouth-1.png;head-squid-mouth-2.png;head-squid-mouth-3.png;head-squid-mouth-4.png
head-stapler.png;head-stapler-mouth-1.png;head-stapler-mouth-2.png;head-stapler-mouth-3.png;head-stapler-mouth-4.png
head-steak.png;head-steak-mouth-1.png;head-steak-mouth-2.png;head-steak-mouth-3.png;head-steak-mouth-4.png
head-toiletpaper-full.png;head-toiletpaper-full-mouth-1.png;head-toiletpaper-full-mouth-2.png;head-toiletpaper-full-mouth-3.png;head-toiletpaper-full-mouth-4.png
head-turing.png;head-turing-mouth-1.png;head-turing-mouth-2.png;head-turing-mouth-3.png;head-turing-mouth-4.png
head-ufo.png;head-ufo-mouth-1.png;head-ufo-mouth-2.png;head-ufo-mouth-3.png;head-ufo-mouth-4.png
head-werewolf.png;head-werewolf-mouth-1.png;head-werewolf-mouth-2.png;head-werewolf-mouth-3.png;head-werewolf-mouth-4.png